test01,,,,,,,,,,,,,,,,,
,,IMGM-D,,,,IMGM-R,,,,CR-D,,,,CR-R,,,
grh#, itr#, acc,  score, consis, time, acc,  score, consis, time, acc,  score, consis, time, acc,  score, consis, time
1,1,0.839,1.068,0.625,0.511,0.859,1.066,0.628,0.294,0.953,1.118,0.734,5.805,0.953,1.118,0.734,5.281
4,1,0.834,1.05,0.693,0.859,0.876,1.059,0.669,0.929,0.98,1.117,0.742,7.582,0.98,1.117,0.742,7.295
7,1,0.835,1.058,0.682,0.943,0.868,1.064,0.651,1.214,0.991,1.068,0.8,5.291,0.973,1.062,0.809,5.863
10,1,0.846,1.055,0.651,1.279,0.929,1.066,0.7,1.239,0.999,1.062,0.814,4.327,1,1.068,0.818,4.248
13,1,0.873,1.062,0.669,1.565,0.918,1.067,0.69,1.837,1,1.069,0.805,5.303,0.991,1.073,0.821,4.897
16,1,0.888,1.069,0.669,2.235,0.894,1.068,0.658,2.502,1,1.07,0.802,6.13,0.985,1.067,0.797,5.948
test02,,,,,,,,,,,,,,,,,
,,IMGM-D,,,,IMGM-R,,,,CR-D,,,,CR-R,,,
grh#, itr#, acc,  score, consis, time, acc,  score, consis, time, acc,  score, consis, time, acc,  score, consis, time
1,2,0.434,1.039,0.426,0.622,0.426,1.04,0.424,0.328,0.534,1.112,0.43,7.737,0.534,1.112,0.43,7.711
4,2,0.472,1.006,0.548,0.759,0.43,1.009,0.493,0.731,0.656,1.112,0.573,9.805,0.656,1.112,0.573,10.001
7,2,0.481,1.012,0.547,0.992,0.432,1.013,0.484,0.761,0.819,1.051,0.783,3.843,0.823,1.058,0.794,3.918
10,2,0.449,1.011,0.488,1.341,0.446,1.008,0.48,1.234,0.766,1.049,0.765,4.411,0.802,1.059,0.808,4.189
13,2,0.495,1.014,0.489,1.933,0.483,1.019,0.481,1.765,0.846,1.06,0.801,5.278,0.786,1.059,0.771,5.156
16,2,0.581,1.026,0.558,2.139,0.592,1.029,0.542,2.306,0.824,1.057,0.792,5.964,0.766,1.044,0.792,5.754
test03,,,,,,,,,,,,,,,,,
,,IMGM-D,,,,IMGM-R,,,,CR-D,,,,CR-R,,,
grh#, itr#, acc,  score, consis, time, acc,  score, consis, time, acc,  score, consis, time, acc,  score, consis, time
1,3,0.738,1.058,0.584,0.359,0.726,1.056,0.567,0.395,0.892,1.111,0.687,8.121,0.892,1.111,0.687,7.585
4,3,0.751,1.042,0.633,0.754,0.803,1.047,0.658,0.85,0.955,1.106,0.734,9.217,0.955,1.106,0.734,7.85
7,3,0.777,1.047,0.63,0.934,0.807,1.048,0.66,0.937,0.947,1.064,0.791,3.465,0.933,1.052,0.8,3.381
10,3,0.839,1.057,0.641,1.299,0.81,1.05,0.669,1.247,0.957,1.058,0.792,4.06,0.942,1.056,0.79,3.988
13,3,0.811,1.05,0.614,1.405,0.8,1.046,0.636,1.423,0.982,1.051,0.798,4.573,0.981,1.057,0.804,4.537
16,3,0.836,1.057,0.676,1.829,0.772,1.042,0.607,1.741,0.985,1.055,0.799,5.298,0.982,1.06,0.796,5.514
test04,,,,,,,,,,,,,,,,,
,,IMGM-D,,,,IMGM-R,,,,CR-D,,,,CR-R,,,
grh#, itr#, acc,  score, consis, time, acc,  score, consis, time, acc,  score, consis, time, acc,  score, consis, time
1,4,0.291,1.011,0.377,0.266,0.311,1.015,0.395,0.281,0.374,1.109,0.327,7.48,0.374,1.109,0.327,7.447
4,4,0.273,0.977,0.434,0.605,0.283,0.975,0.449,0.757,0.516,1.13,0.503,9.473,0.516,1.13,0.503,9.343
7,4,0.281,0.974,0.406,0.738,0.291,0.981,0.406,0.743,0.516,1.067,0.647,3.646,0.588,1.062,0.711,3.799
10,4,0.303,0.982,0.375,1.188,0.324,0.982,0.473,1.263,0.511,1.059,0.735,4.1,0.666,1.055,0.743,4
13,4,0.337,0.99,0.386,1.635,0.345,1.004,0.441,1.701,0.576,1.054,0.829,4.66,0.865,1.054,0.824,4.517
16,4,0.391,1.001,0.369,2.114,0.389,1.013,0.421,2.131,0.598,1.048,0.81,5.346,0.854,1.046,0.792,5.355
test05,,,,,,,,,,,,,,,,,
,,IMGM-D,,,,IMGM-R,,,,CR-D,,,,CR-R,,,
grh#, itr#, acc,  score, consis, time, acc,  score, consis, time, acc,  score, consis, time, acc,  score, consis, time
1,5,0.334,1.05,0.415,0.353,0.329,1.052,0.418,0.22,0.383,1.13,0.352,5.549,0.383,1.13,0.352,5.671
4,5,0.288,1.01,0.482,0.49,0.309,1.011,0.494,0.508,0.394,1.127,0.338,12.028,0.394,1.127,0.338,10.369
7,5,0.297,1.005,0.467,0.794,0.297,1.003,0.507,0.915,0.403,1.015,0.439,3.231,0.415,1.022,0.417,2.648
10,5,0.281,0.996,0.524,1.052,0.292,0.995,0.48,0.992,0.554,0.977,0.622,4.407,0.343,0.95,0.485,4.457
13,5,0.323,1.005,0.489,1.362,0.327,1,0.454,1.129,0.803,1.041,0.771,4.978,0.522,0.978,0.599,5.097
16,5,0.321,1.009,0.47,1.674,0.317,1.004,0.445,1.723,0.822,1.04,0.781,5.695,0.682,1.032,0.685,6.254
test06,,,,,,,,,,,,,,,,,
,,IMGM-D,,,,IMGM-R,,,,CR-D,,,,CR-R,,,
grh#, itr#, acc,  score, consis, time, acc,  score, consis, time, acc,  score, consis, time, acc,  score, consis, time
1,6,0.993,1.073,0.785,0.469,0.987,1.07,0.779,0.385,0.996,1.106,0.772,5.624,0.996,1.106,0.772,6.163
4,6,0.954,1.065,0.743,0.662,0.9,1.059,0.708,0.504,0.986,1.107,0.768,7.375,0.986,1.107,0.768,7.357
7,6,0.933,1.063,0.716,0.828,0.894,1.062,0.698,0.868,0.989,1.053,0.814,3.346,0.988,1.049,0.81,3.402
10,6,0.943,1.067,0.721,0.981,0.925,1.063,0.708,1.163,0.989,1.056,0.81,3.805,0.99,1.055,0.808,3.502
13,6,0.955,1.067,0.725,1.326,0.901,1.064,0.7,1.272,0.956,1.049,0.807,4.515,0.991,1.056,0.809,4.487
16,6,0.945,1.066,0.712,1.743,0.905,1.063,0.709,1.751,0.943,1.055,0.812,5.257,0.999,1.055,0.809,5.365
test07,,,,,,,,,,,,,,,,,
,,IMGM-D,,,,IMGM-R,,,,CR-D,,,,CR-R,,,
grh#, itr#, acc,  score, consis, time, acc,  score, consis, time, acc,  score, consis, time, acc,  score, consis, time
1,7,0.739,1.073,0.591,0.492,0.706,1.069,0.573,0.392,0.849,1.123,0.643,6.366,0.849,1.123,0.643,6.342
4,7,0.786,1.064,0.685,0.737,0.801,1.056,0.685,0.768,0.924,1.115,0.767,7.682,0.924,1.115,0.767,7.696
7,7,0.764,1.053,0.639,1.016,0.796,1.058,0.647,0.928,0.927,1.057,0.805,3.367,0.904,1.062,0.791,3.382
10,7,0.742,1.051,0.626,1.009,0.801,1.059,0.642,1.213,0.886,1.059,0.78,4.652,0.874,1.053,0.801,6.611
13,7,0.71,1.047,0.654,1.787,0.743,1.055,0.632,1.995,0.871,1.048,0.81,5.281,0.769,1.048,0.781,7.731
16,7,0.711,1.05,0.651,2.548,0.731,1.052,0.625,2.166,0.84,1.049,0.775,6.344,0.814,1.053,0.799,6.547
test08,,,,,,,,,,,,,,,,,
,,IMGM-D,,,,IMGM-R,,,,CR-D,,,,CR-R,,,
grh#, itr#, acc,  score, consis, time, acc,  score, consis, time, acc,  score, consis, time, acc,  score, consis, time
1,8,0.308,1.044,0.389,0.272,0.293,1.044,0.382,0.255,0.326,1.126,0.305,0.88,0.326,1.126,0.305,0.942
4,8,0.301,1.009,0.458,0.539,0.304,1.011,0.457,0.646,0.39,1.128,0.314,8.493,0.39,1.128,0.314,8.461
7,8,0.292,0.999,0.438,0.87,0.312,1.005,0.449,0.877,0.353,0.996,0.383,0.714,0.323,0.995,0.39,2.209
10,8,0.31,0.997,0.468,1.301,0.33,1.005,0.479,1.144,0.316,0.949,0.53,4.147,0.274,0.956,0.475,4.502
13,8,0.303,1,0.442,1.391,0.344,1.014,0.432,1.512,0.38,0.99,0.586,5.61,0.394,0.958,0.553,5.156
16,8,0.328,1.008,0.42,1.645,0.384,1.015,0.439,1.817,0.454,1.018,0.618,6.388,0.489,0.983,0.569,6.646
test09,,,,,,,,,,,,,,,,,
,,IMGM-D,,,,IMGM-R,,,,CR-D,,,,CR-R,,,
grh#, itr#, acc,  score, consis, time, acc,  score, consis, time, acc,  score, consis, time, acc,  score, consis, time
1,9,0.991,1.071,0.778,0.414,0.984,1.068,0.789,0.472,0.995,1.105,0.769,5.742,0.995,1.105,0.769,5.66
4,9,0.94,1.064,0.737,0.569,0.997,1.068,0.776,0.648,0.994,1.105,0.764,7.429,0.994,1.105,0.764,7.355
7,9,0.908,1.057,0.729,0.71,0.996,1.068,0.772,0.874,0.913,1.016,0.799,2.738,0.998,1.055,0.813,3.336
10,9,0.912,1.063,0.711,1.037,0.955,1.066,0.739,0.939,0.989,1.052,0.813,3.915,0.99,1.051,0.808,3.891
13,9,0.929,1.062,0.706,1.331,0.97,1.068,0.738,1.434,0.962,1.048,0.8,4.546,1,1.054,0.81,4.475
16,9,0.882,1.059,0.706,1.761,0.892,1.062,0.714,1.65,0.96,1.049,0.8,5.25,0.983,1.056,0.798,5.489
test10,,,,,,,,,,,,,,,,,
,,IMGM-D,,,,IMGM-R,,,,CR-D,,,,CR-R,,,
grh#, itr#, acc,  score, consis, time, acc,  score, consis, time, acc,  score, consis, time, acc,  score, consis, time
1,10,0.889,1.072,0.683,0.373,0.894,1.073,0.689,0.4,0.982,1.115,0.752,6.05,0.982,1.115,0.752,6.122
4,10,0.92,1.073,0.716,0.628,0.932,1.066,0.734,0.545,0.987,1.118,0.747,8.069,0.987,1.118,0.747,7.771
7,10,0.85,1.062,0.665,0.769,0.871,1.061,0.71,0.716,0.971,1.062,0.801,3.489,0.929,1.063,0.779,3.604
10,10,0.924,1.071,0.719,1.031,0.956,1.07,0.739,1.253,0.982,1.066,0.806,5.467,0.978,1.062,0.804,4.226
13,10,0.929,1.075,0.722,1.476,0.965,1.073,0.747,1.416,0.992,1.057,0.814,4.892,0.973,1.053,0.805,5.439
16,10,0.943,1.07,0.725,1.785,0.959,1.069,0.743,1.466,0.998,1.058,0.812,5.304,0.969,1.059,0.803,5.203
test11,,,,,,,,,,,,,,,,,
,,IMGM-D,,,,IMGM-R,,,,CR-D,,,,CR-R,,,
grh#, itr#, acc,  score, consis, time, acc,  score, consis, time, acc,  score, consis, time, acc,  score, consis, time
1,11,0.643,1.048,0.49,0.433,0.645,1.047,0.494,0.46,0.87,1.107,0.666,6.516,0.87,1.107,0.666,6.582
4,11,0.67,1.033,0.562,0.75,0.688,1.039,0.546,0.763,0.973,1.109,0.763,7.938,0.973,1.109,0.763,7.655
7,11,0.61,1.026,0.573,0.992,0.638,1.032,0.565,0.895,0.973,1.066,0.817,3.433,0.929,1.057,0.784,3.48
10,11,0.609,1.023,0.565,1.32,0.658,1.036,0.574,1.312,0.971,1.052,0.822,3.782,0.942,1.046,0.767,4.005
13,11,0.688,1.036,0.567,1.58,0.654,1.04,0.553,1.313,0.936,1.058,0.802,4.586,0.947,1.053,0.802,4.876
16,11,0.749,1.044,0.609,2.111,0.703,1.041,0.622,1.954,0.928,1.052,0.816,5.319,0.944,1.057,0.8,5.452
test12,,,,,,,,,,,,,,,,,
,,IMGM-D,,,,IMGM-R,,,,CR-D,,,,CR-R,,,
grh#, itr#, acc,  score, consis, time, acc,  score, consis, time, acc,  score, consis, time, acc,  score, consis, time
1,12,0.995,1.072,0.777,0.429,1,1.069,0.798,0.41,0.999,1.106,0.775,6.014,0.999,1.106,0.775,5.607
4,12,1,1.075,0.776,0.642,0.993,1.072,0.762,0.552,1,1.109,0.776,7.051,1,1.109,0.776,7.088
7,12,0.993,1.073,0.767,0.736,0.998,1.077,0.762,0.693,1,1.061,0.824,3.22,1,1.062,0.817,3.164
10,12,0.966,1.066,0.738,1.06,0.999,1.072,0.762,1.104,1,1.065,0.829,3.684,1,1.068,0.826,3.781
13,12,0.961,1.065,0.731,1.309,0.978,1.068,0.741,1.117,1,1.054,0.812,4.496,1,1.06,0.816,4.401
16,12,0.967,1.066,0.714,1.501,0.981,1.068,0.728,1.433,0.998,1.062,0.796,5.316,1,1.054,0.8,5.237
test13,,,,,,,,,,,,,,,,,
,,IMGM-D,,,,IMGM-R,,,,CR-D,,,,CR-R,,,
grh#, itr#, acc,  score, consis, time, acc,  score, consis, time, acc,  score, consis, time, acc,  score, consis, time
1,13,0.618,1.066,0.493,0.336,0.599,1.065,0.499,0.301,0.704,1.134,0.505,7.101,0.704,1.134,0.505,6.849
4,13,0.724,1.047,0.659,0.766,0.665,1.051,0.585,0.651,0.845,1.127,0.694,8.678,0.845,1.127,0.694,8.574
7,13,0.753,1.06,0.619,0.837,0.724,1.058,0.613,0.999,0.865,1.062,0.77,3.718,0.838,1.063,0.745,3.658
10,13,0.741,1.058,0.631,1.049,0.729,1.06,0.666,1.358,0.797,1.048,0.781,4.071,0.77,1.049,0.754,4.129
13,13,0.789,1.062,0.652,1.565,0.744,1.061,0.665,1.689,0.799,1.057,0.805,4.535,0.785,1.053,0.791,4.659
16,13,0.8,1.065,0.652,1.866,0.721,1.062,0.657,2.074,0.804,1.052,0.784,5.518,0.798,1.058,0.787,5.448
test14,,,,,,,,,,,,,,,,,
,,IMGM-D,,,,IMGM-R,,,,CR-D,,,,CR-R,,,
grh#, itr#, acc,  score, consis, time, acc,  score, consis, time, acc,  score, consis, time, acc,  score, consis, time
1,14,0.529,1.034,0.476,0.336,0.567,1.041,0.487,0.298,0.791,1.103,0.563,7.65,0.791,1.103,0.563,6.854
4,14,0.586,1.016,0.532,0.725,0.593,1.032,0.583,0.687,0.93,1.11,0.755,8.636,0.93,1.11,0.755,7.904
7,14,0.636,1.026,0.624,1.018,0.679,1.04,0.613,0.878,0.898,1.06,0.773,2.912,0.895,1.062,0.784,3.621
10,14,0.707,1.036,0.673,1.283,0.694,1.046,0.634,1.279,0.897,1.051,0.807,4.325,0.888,1.05,0.802,4.291
13,14,0.778,1.052,0.644,1.774,0.71,1.049,0.611,2.457,0.907,1.059,0.802,3.941,0.904,1.059,0.802,3.573
16,14,0.831,1.057,0.675,1.652,0.751,1.052,0.638,1.548,0.918,1.05,0.797,4.215,0.904,1.056,0.806,4.129
test15,,,,,,,,,,,,,,,,,
,,IMGM-D,,,,IMGM-R,,,,CR-D,,,,CR-R,,,
grh#, itr#, acc,  score, consis, time, acc,  score, consis, time, acc,  score, consis, time, acc,  score, consis, time
1,15,0.82,1.06,0.637,0.331,0.764,1.059,0.61,0.313,0.973,1.108,0.756,4.909,0.973,1.108,0.756,4.973
4,15,0.879,1.059,0.71,0.479,0.885,1.056,0.714,0.474,0.989,1.114,0.757,6.708,0.989,1.114,0.757,6.022
7,15,0.851,1.058,0.674,0.584,0.909,1.064,0.742,0.733,0.968,1.054,0.794,2.686,0.995,1.061,0.809,2.653
10,15,0.851,1.056,0.675,0.967,0.921,1.067,0.728,0.804,0.978,1.057,0.799,3.402,0.99,1.055,0.803,3.047
13,15,0.833,1.059,0.64,1.164,0.893,1.068,0.685,1.114,0.982,1.063,0.807,5.359,0.975,1.059,0.775,3.796
16,15,0.798,1.055,0.629,1.432,0.849,1.062,0.663,1.518,0.984,1.06,0.8,4.504,0.96,1.06,0.786,4.941
test16,,,,,,,,,,,,,,,,,
,,IMGM-D,,,,IMGM-R,,,,CR-D,,,,CR-R,,,
grh#, itr#, acc,  score, consis, time, acc,  score, consis, time, acc,  score, consis, time, acc,  score, consis, time
1,16,0.468,1.021,0.449,0.208,0.473,1.025,0.424,0.293,0.564,1.105,0.403,7.117,0.564,1.105,0.403,6.933
4,16,0.551,1,0.531,0.516,0.516,1,0.543,0.582,0.819,1.105,0.688,6.72,0.819,1.105,0.688,6.716
7,16,0.61,1.017,0.595,0.856,0.576,1.01,0.529,0.693,0.934,1.059,0.794,3.386,0.934,1.065,0.789,3.747
10,16,0.701,1.034,0.601,1.271,0.625,1.026,0.588,1.075,0.943,1.057,0.816,3.095,0.923,1.052,0.781,3.861
13,16,0.752,1.041,0.622,7.361,0.781,1.04,0.646,5.737,0.948,1.064,0.811,18.505,0.947,1.054,0.808,11.758
16,16,0.831,1.049,0.686,5.197,0.824,1.049,0.649,4.657,0.943,1.055,0.799,14.442,0.944,1.055,0.806,13.715
test17,,,,,,,,,,,,,,,,,
,,IMGM-D,,,,IMGM-R,,,,CR-D,,,,CR-R,,,
grh#, itr#, acc,  score, consis, time, acc,  score, consis, time, acc,  score, consis, time, acc,  score, consis, time
1,17,0.516,1.024,0.399,0.772,0.532,1.025,0.399,0.886,0.756,1.095,0.528,18.068,0.756,1.095,0.528,19.509
4,17,0.623,1,0.594,2.029,0.581,1.002,0.536,1.928,0.939,1.105,0.763,24.755,0.939,1.105,0.763,22.391
7,17,0.665,1.005,0.619,2.912,0.636,1.01,0.563,2.578,0.946,1.054,0.806,11.062,0.91,1.052,0.766,7.077
10,17,0.763,1.038,0.664,4.684,0.754,1.028,0.603,5.863,0.933,1.05,0.816,13.676,0.935,1.053,0.81,12.98
13,17,0.76,1.038,0.621,6.054,0.824,1.041,0.65,5.547,0.939,1.056,0.806,15.661,0.897,1.047,0.815,15.662
16,17,0.774,1.046,0.621,8.177,0.872,1.051,0.672,7.245,0.911,1.045,0.776,30.408,0.904,1.049,0.795,20.614
test18,,,,,,,,,,,,,,,,,
,,IMGM-D,,,,IMGM-R,,,,CR-D,,,,CR-R,,,
grh#, itr#, acc,  score, consis, time, acc,  score, consis, time, acc,  score, consis, time, acc,  score, consis, time
1,18,0.931,1.077,0.732,1.984,0.946,1.077,0.741,1.275,0.978,1.119,0.758,23.56,0.978,1.119,0.758,23.201
4,18,0.922,1.072,0.731,2.497,0.866,1.067,0.715,1.561,0.981,1.119,0.757,30.046,0.981,1.119,0.757,28.012
7,18,0.922,1.071,0.744,3.222,0.787,1.058,0.706,3.683,0.986,1.062,0.817,12.274,0.989,1.055,0.832,12.279
10,18,0.887,1.064,0.723,4.498,0.866,1.066,0.718,4.531,0.97,1.065,0.813,11.759,0.98,1.063,0.822,12.12
13,18,0.886,1.064,0.734,4.142,0.853,1.066,0.678,4.052,0.973,1.065,0.817,14.81,0.982,1.07,0.799,14.942
16,18,0.882,1.062,0.723,5.722,0.921,1.074,0.731,4.909,0.976,1.066,0.803,13.87,0.983,1.065,0.812,17.606
test19,,,,,,,,,,,,,,,,,
,,IMGM-D,,,,IMGM-R,,,,CR-D,,,,CR-R,,,
grh#, itr#, acc,  score, consis, time, acc,  score, consis, time, acc,  score, consis, time, acc,  score, consis, time
1,19,0.743,1.066,0.576,1.65,0.789,1.061,0.628,1.486,0.937,1.113,0.71,30.321,0.937,1.113,0.71,32.34
4,19,0.775,1.054,0.635,3.73,0.792,1.054,0.664,3.727,0.996,1.117,0.77,40.006,0.996,1.117,0.77,37.337
7,19,0.742,1.048,0.626,5.398,0.781,1.054,0.668,5.561,0.998,1.077,0.816,18.08,0.96,1.064,0.767,15.172
10,19,0.777,1.05,0.643,6.399,0.81,1.056,0.652,5.294,0.999,1.06,0.81,17.311,0.941,1.061,0.814,16.671
13,19,0.774,1.049,0.629,8.08,0.79,1.055,0.613,6.708,1,1.064,0.813,24.152,0.946,1.067,0.809,22.89
16,19,0.799,1.048,0.625,7.277,0.773,1.053,0.628,8.944,0.999,1.065,0.803,24.635,0.943,1.055,0.805,22.5
test20,,,,,,,,,,,,,,,,,
,,IMGM-D,,,,IMGM-R,,,,CR-D,,,,CR-R,,,
grh#, itr#, acc,  score, consis, time, acc,  score, consis, time, acc,  score, consis, time, acc,  score, consis, time
1,20,0.55,1.038,0.484,1.381,0.578,1.049,0.486,1.234,0.687,1.107,0.486,29.248,0.687,1.107,0.486,28.127
4,20,0.579,1.019,0.538,2.554,0.638,1.029,0.575,3.22,0.893,1.1,0.75,35.826,0.893,1.1,0.75,34.85
7,20,0.633,1.026,0.581,4.581,0.655,1.03,0.593,3.353,0.917,1.049,0.819,12.633,0.924,1.054,0.811,12.003
10,20,0.637,1.022,0.553,4.642,0.704,1.038,0.617,4.967,0.92,1.05,0.8,17.265,0.924,1.044,0.801,18.01
13,20,0.643,1.031,0.537,7.412,0.781,1.055,0.652,6.627,0.874,1.033,0.782,22.404,0.888,1.051,0.793,21.128
16,20,0.698,1.04,0.598,1.865,0.765,1.049,0.637,1.405,0.931,1.059,0.805,4.712,0.891,1.044,0.796,4.558
test21,,,,,,,,,,,,,,,,,
,,IMGM-D,,,,IMGM-R,,,,CR-D,,,,CR-R,,,
grh#, itr#, acc,  score, consis, time, acc,  score, consis, time, acc,  score, consis, time, acc,  score, consis, time
1,21,0.63,1.061,0.496,0.275,0.678,1.07,0.506,0.381,0.658,1.136,0.441,5.937,0.658,1.136,0.441,6.102
4,21,0.632,1.038,0.574,0.44,0.652,1.038,0.566,0.532,0.85,1.131,0.634,7.171,0.85,1.131,0.634,7.079
7,21,0.668,1.046,0.592,0.745,0.654,1.037,0.563,0.784,0.869,1.059,0.747,3.207,0.882,1.066,0.741,4.457
10,21,0.67,1.049,0.575,0.89,0.723,1.043,0.646,1.028,0.94,1.059,0.776,3.263,0.832,1.051,0.74,3.347
13,21,0.661,1.044,0.539,1.318,0.681,1.051,0.562,1.206,0.944,1.066,0.784,3.707,0.887,1.053,0.798,3.782
16,21,0.675,1.042,0.498,1.648,0.754,1.056,0.586,1.532,0.972,1.064,0.796,4.441,0.901,1.056,0.806,4.639
test22,,,,,,,,,,,,,,,,,
,,IMGM-D,,,,IMGM-R,,,,CR-D,,,,CR-R,,,
grh#, itr#, acc,  score, consis, time, acc,  score, consis, time, acc,  score, consis, time, acc,  score, consis, time
1,22,0.914,1.079,0.716,0.332,0.906,1.077,0.714,0.38,0.997,1.126,0.777,4.565,0.997,1.126,0.777,4.64
4,22,0.823,1.073,0.675,0.496,0.836,1.077,0.672,0.521,0.996,1.126,0.771,6.05,0.996,1.126,0.771,5.713
7,22,0.824,1.069,0.645,0.83,0.819,1.069,0.653,0.629,0.997,1.071,0.819,2.589,0.997,1.068,0.801,2.049
10,22,0.862,1.072,0.666,0.933,0.818,1.069,0.622,1.155,1,1.075,0.81,3.046,0.999,1.063,0.826,3.128
13,22,0.841,1.07,0.625,1.206,0.76,1.067,0.567,1.232,1,1.066,0.803,3.489,0.99,1.063,0.805,3.614
16,22,0.808,1.069,0.606,1.529,0.784,1.069,0.578,1.565,1,1.07,0.808,4.249,0.967,1.056,0.799,5.292
test23,,,,,,,,,,,,,,,,,
,,IMGM-D,,,,IMGM-R,,,,CR-D,,,,CR-R,,,
grh#, itr#, acc,  score, consis, time, acc,  score, consis, time, acc,  score, consis, time, acc,  score, consis, time
1,23,0.571,1.041,0.483,0.24,0.597,1.039,0.501,0.313,0.806,1.112,0.601,5.379,0.806,1.112,0.601,7.259
4,23,0.595,1.026,0.612,0.492,0.667,1.025,0.562,0.686,0.908,1.109,0.739,7.299,0.908,1.109,0.739,7.758
7,23,0.596,1.033,0.586,0.875,0.655,1.031,0.567,0.957,0.858,1.061,0.796,2.923,0.875,1.064,0.786,2.414
10,23,0.626,1.04,0.593,1.09,0.664,1.032,0.587,1.322,0.761,1.027,0.803,4.333,0.865,1.048,0.811,3.293
13,23,0.738,1.056,0.671,1.484,0.738,1.047,0.595,1.264,0.86,1.063,0.805,3.863,0.88,1.066,0.817,3.719
16,23,0.75,1.062,0.67,1.638,0.775,1.048,0.651,1.667,0.806,1.05,0.787,4.898,0.86,1.055,0.809,4.691
test24,,,,,,,,,,,,,,,,,
,,IMGM-D,,,,IMGM-R,,,,CR-D,,,,CR-R,,,
grh#, itr#, acc,  score, consis, time, acc,  score, consis, time, acc,  score, consis, time, acc,  score, consis, time
1,24,0.282,1.005,0.37,0.217,0.262,1.004,0.361,0.247,0.302,1.102,0.297,0.801,0.302,1.102,0.297,0.801
4,24,0.25,0.973,0.403,0.403,0.259,0.969,0.439,0.49,0.304,1.108,0.286,9.946,0.304,1.108,0.286,9.994
7,24,0.253,0.972,0.446,0.603,0.242,0.975,0.414,0.626,0.247,0.961,0.401,0.7,0.288,0.978,0.383,2.395
10,24,0.24,0.967,0.421,0.759,0.243,0.977,0.399,0.827,0.194,0.921,0.426,3.997,0.184,0.907,0.528,4.145
13,24,0.244,0.975,0.378,1.182,0.247,0.982,0.419,1.05,0.189,0.913,0.436,4.139,0.18,0.904,0.406,4.368
16,24,0.233,0.974,0.396,1.207,0.236,0.983,0.375,1.541,0.194,0.897,0.424,4.956,0.176,0.904,0.424,5.007
test25,,,,,,,,,,,,,,,,,
,,IMGM-D,,,,IMGM-R,,,,CR-D,,,,CR-R,,,
grh#, itr#, acc,  score, consis, time, acc,  score, consis, time, acc,  score, consis, time, acc,  score, consis, time
1,25,0.466,1.053,0.445,0.221,0.466,1.057,0.446,0.21,0.559,1.127,0.414,6.258,0.559,1.127,0.414,6.507
4,25,0.519,1.034,0.545,0.555,0.425,1.021,0.57,0.55,0.796,1.122,0.606,8.53,0.796,1.122,0.606,7.441
7,25,0.557,1.042,0.546,0.855,0.455,1.023,0.531,0.806,0.895,1.059,0.816,2.829,0.916,1.078,0.772,2.85
10,25,0.634,1.048,0.574,1.073,0.501,1.032,0.533,1.049,0.921,1.054,0.803,6.034,0.999,1.065,0.817,3.331
13,25,0.639,1.054,0.593,1.184,0.579,1.044,0.574,1.392,0.92,1.071,0.803,3.708,1,1.069,0.809,3.68
16,25,0.708,1.06,0.596,1.58,0.626,1.055,0.549,1.442,0.92,1.063,0.797,4.362,0.984,1.076,0.799,4.305
test26,,,,,,,,,,,,,,,,,
,,IMGM-D,,,,IMGM-R,,,,CR-D,,,,CR-R,,,
grh#, itr#, acc,  score, consis, time, acc,  score, consis, time, acc,  score, consis, time, acc,  score, consis, time
1,26,0.794,1.052,0.614,0.369,0.812,1.063,0.627,0.339,0.956,1.106,0.768,4.745,0.956,1.106,0.768,4.748
4,26,0.84,1.06,0.699,0.485,0.72,1.049,0.586,0.474,0.995,1.114,0.772,5.933,0.995,1.114,0.772,5.885
7,26,0.826,1.058,0.696,0.595,0.746,1.049,0.641,0.698,0.994,1.064,0.803,2.626,0.999,1.074,0.824,2.648
10,26,0.803,1.057,0.651,0.985,0.773,1.055,0.622,0.962,0.99,1.06,0.809,3.061,0.981,1.062,0.824,3.044
13,26,0.842,1.065,0.662,1.023,0.783,1.058,0.633,1.042,0.991,1.062,0.806,3.588,0.982,1.055,0.813,3.521
16,26,0.848,1.067,0.656,1.415,0.824,1.063,0.65,1.549,0.975,1.057,0.811,4.225,0.979,1.062,0.804,4.19
test27,,,,,,,,,,,,,,,,,
,,IMGM-D,,,,IMGM-R,,,,CR-D,,,,CR-R,,,
grh#, itr#, acc,  score, consis, time, acc,  score, consis, time, acc,  score, consis, time, acc,  score, consis, time
1,27,0.855,1.066,0.656,0.269,0.917,1.068,0.703,0.467,0.962,1.107,0.753,4.941,0.962,1.107,0.753,4.888
4,27,0.775,1.052,0.669,0.441,0.87,1.059,0.683,0.483,0.977,1.112,0.752,6.158,0.977,1.112,0.752,6.492
7,27,0.786,1.055,0.691,0.753,0.864,1.056,0.708,0.63,0.988,1.058,0.817,2.731,0.976,1.055,0.785,1.139
10,27,0.879,1.063,0.731,0.907,0.914,1.063,0.739,0.894,0.992,1.062,0.81,3.074,0.987,1.061,0.812,3.047
13,27,0.855,1.061,0.709,0.942,0.885,1.063,0.697,1.033,0.998,1.06,0.802,3.624,0.982,1.057,0.811,3.593
16,27,0.885,1.06,0.721,1.535,0.913,1.066,0.699,1.428,0.953,1.056,0.757,4.374,0.966,1.053,0.806,4.212
test28,,,,,,,,,,,,,,,,,
,,IMGM-D,,,,IMGM-R,,,,CR-D,,,,CR-R,,,
grh#, itr#, acc,  score, consis, time, acc,  score, consis, time, acc,  score, consis, time, acc,  score, consis, time
1,28,0.467,1.035,0.432,0.255,0.486,1.041,0.427,0.237,0.597,1.111,0.391,5.738,0.597,1.111,0.391,5.86
4,28,0.453,1.011,0.491,0.536,0.449,1.004,0.515,0.611,0.929,1.115,0.743,6.443,0.929,1.115,0.743,6.423
7,28,0.45,1.012,0.484,0.78,0.462,1.001,0.522,0.576,0.932,1.06,0.8,2.705,0.926,1.071,0.777,2.25
10,28,0.526,1.023,0.49,1.056,0.59,1.019,0.539,1.062,0.942,1.065,0.818,3.031,0.97,1.063,0.829,2.988
13,28,0.608,1.028,0.519,1.372,0.579,1.024,0.482,1.327,0.936,1.066,0.795,3.598,0.964,1.07,0.805,3.507
16,28,0.652,1.039,0.513,1.672,0.604,1.028,0.469,1.551,0.921,1.065,0.813,4.037,0.931,1.067,0.81,4.145
test29,,,,,,,,,,,,,,,,,
,,IMGM-D,,,,IMGM-R,,,,CR-D,,,,CR-R,,,
grh#, itr#, acc,  score, consis, time, acc,  score, consis, time, acc,  score, consis, time, acc,  score, consis, time
1,29,0.645,1.048,0.483,0.281,0.644,1.046,0.475,0.278,0.84,1.114,0.603,5.481,0.84,1.114,0.603,5.591
4,29,0.611,1.021,0.524,0.617,0.655,1.027,0.572,0.622,0.984,1.115,0.747,6.265,0.984,1.115,0.747,6.246
7,29,0.663,1.029,0.585,0.825,0.687,1.047,0.63,0.756,0.918,1.053,0.798,2.741,0.934,1.077,0.814,2.698
10,29,0.643,1.041,0.521,0.922,0.692,1.056,0.629,0.83,0.931,1.054,0.818,3.076,0.938,1.068,0.816,3.067
13,29,0.715,1.055,0.564,1.383,0.728,1.056,0.628,1.137,0.945,1.071,0.81,3.639,0.939,1.047,0.821,3.501
16,29,0.777,1.061,0.618,1.524,0.701,1.055,0.588,1.52,0.94,1.068,0.795,4.274,0.936,1.063,0.807,4.198
test30,,,,,,,,,,,,,,,,,
,,IMGM-D,,,,IMGM-R,,,,CR-D,,,,CR-R,,,
grh#, itr#, acc,  score, consis, time, acc,  score, consis, time, acc,  score, consis, time, acc,  score, consis, time
1,30,0.795,1.07,0.65,0.283,0.795,1.072,0.649,0.341,0.843,1.123,0.698,5.159,0.843,1.123,0.698,5.168
4,30,0.845,1.073,0.726,0.513,0.772,1.066,0.679,0.613,0.858,1.128,0.704,6.885,0.858,1.128,0.704,6.669
7,30,0.828,1.076,0.705,0.692,0.796,1.067,0.667,0.594,0.843,1.076,0.766,2.921,0.83,1.053,0.791,2.853
10,30,0.78,1.07,0.665,1.26,0.78,1.067,0.645,1.214,0.87,1.069,0.777,3.453,0.843,1.067,0.781,3.302
13,30,0.788,1.072,0.636,1.157,0.774,1.073,0.642,1.262,0.865,1.079,0.767,3.786,0.83,1.062,0.762,3.956
16,30,0.796,1.078,0.657,1.55,0.796,1.073,0.64,1.29,0.888,1.056,0.762,4.593,0.831,1.059,0.752,4.935
test31,,,,,,,,,,,,,,,,,
,,IMGM-D,,,,IMGM-R,,,,CR-D,,,,CR-R,,,
grh#, itr#, acc,  score, consis, time, acc,  score, consis, time, acc,  score, consis, time, acc,  score, consis, time
1,31,0.521,1.047,0.428,0.253,0.517,1.045,0.427,0.242,0.567,1.113,0.383,5.803,0.567,1.113,0.383,5.771
4,31,0.699,1.031,0.607,0.622,0.584,1.011,0.621,0.556,0.935,1.111,0.752,6.373,0.935,1.111,0.752,6.395
7,31,0.711,1.042,0.653,0.837,0.536,1.008,0.572,0.804,0.877,1.053,0.715,2.329,0.904,1.047,0.755,2.932
10,31,0.67,1.035,0.614,1.081,0.509,1.012,0.507,0.905,0.781,1.047,0.802,3.36,0.631,1,0.759,3.566
13,31,0.697,1.041,0.621,1.141,0.551,1.022,0.552,1.364,0.754,1.034,0.808,3.609,0.897,1.038,0.807,3.658
16,31,0.736,1.046,0.623,1.449,0.617,1.037,0.624,1.66,0.806,1.039,0.814,4.257,0.92,1.052,0.801,4.229
test32,,,,,,,,,,,,,,,,,
,,IMGM-D,,,,IMGM-R,,,,CR-D,,,,CR-R,,,
grh#, itr#, acc,  score, consis, time, acc,  score, consis, time, acc,  score, consis, time, acc,  score, consis, time
1,32,0.778,1.057,0.621,0.407,0.748,1.056,0.619,0.272,0.874,1.108,0.696,4.999,0.874,1.108,0.696,4.955
4,32,0.792,1.038,0.64,0.616,0.918,1.053,0.764,0.558,0.98,1.115,0.755,6.454,0.98,1.115,0.755,6.864
7,32,0.919,1.055,0.686,0.835,0.906,1.06,0.732,0.655,0.994,1.061,0.824,2.89,0.999,1.063,0.851,2.625
10,32,0.963,1.069,0.729,0.825,0.909,1.062,0.727,0.85,0.999,1.073,0.826,2.977,1,1.068,0.82,2.948
13,32,0.967,1.071,0.729,1.023,0.912,1.062,0.726,0.976,1,1.075,0.825,3.479,0.956,1.059,0.815,3.929
16,32,0.949,1.066,0.707,1.4,0.892,1.059,0.692,1.299,0.992,1.072,0.816,4.188,0.889,1.023,0.82,4.226
test33,,,,,,,,,,,,,,,,,
,,IMGM-D,,,,IMGM-R,,,,CR-D,,,,CR-R,,,
grh#, itr#, acc,  score, consis, time, acc,  score, consis, time, acc,  score, consis, time, acc,  score, consis, time
1,33,0.363,1.025,0.376,0.221,0.397,1.029,0.372,0.259,0.387,1.111,0.323,7.733,0.387,1.111,0.323,6.191
4,33,0.367,0.992,0.494,0.528,0.379,1,0.459,0.439,0.407,1.115,0.315,9.372,0.407,1.115,0.315,8.767
7,33,0.347,0.985,0.43,0.742,0.396,0.99,0.499,0.602,0.495,1.022,0.504,3.31,0.431,1.002,0.455,2.834
10,33,0.389,0.995,0.426,0.993,0.401,0.992,0.435,0.981,0.585,1.005,0.688,3.363,0.669,1.033,0.768,4.421
13,33,0.43,1.003,0.441,1.118,0.373,0.992,0.435,1.124,0.708,1.017,0.691,4.483,0.685,1.052,0.797,5.01
16,33,0.45,1.011,0.437,1.525,0.355,0.995,0.383,1.867,0.775,1.037,0.8,5.935,0.664,1.047,0.786,5.505
test34,,,,,,,,,,,,,,,,,
,,IMGM-D,,,,IMGM-R,,,,CR-D,,,,CR-R,,,
grh#, itr#, acc,  score, consis, time, acc,  score, consis, time, acc,  score, consis, time, acc,  score, consis, time
1,34,0.352,1.022,0.404,0.258,0.351,1.021,0.416,0.213,0.36,1.111,0.31,5.69,0.36,1.111,0.31,6.037
4,34,0.31,0.982,0.458,0.416,0.321,0.981,0.442,0.462,0.339,1.111,0.293,8.409,0.339,1.111,0.293,8.857
7,34,0.304,0.976,0.449,0.575,0.32,0.973,0.425,0.982,0.41,1.01,0.459,3.319,0.402,0.994,0.432,2.85
10,34,0.272,0.975,0.396,0.933,0.274,0.967,0.428,0.673,0.228,0.927,0.573,3.358,0.515,1.004,0.744,3.355
13,34,0.276,0.979,0.39,1.177,0.274,0.973,0.432,1.121,0.277,0.933,0.462,3.932,0.502,1.004,0.724,3.901
16,34,0.274,0.975,0.388,1.417,0.28,0.972,0.392,1.684,0.382,0.964,0.565,5.693,0.482,0.994,0.78,4.963
test35,,,,,,,,,,,,,,,,,
,,IMGM-D,,,,IMGM-R,,,,CR-D,,,,CR-R,,,
grh#, itr#, acc,  score, consis, time, acc,  score, consis, time, acc,  score, consis, time, acc,  score, consis, time
1,35,0.671,1.058,0.534,0.27,0.715,1.056,0.558,0.337,0.923,1.12,0.692,5.654,0.923,1.12,0.692,5.658
4,35,0.795,1.048,0.668,0.745,0.805,1.048,0.649,0.59,0.912,1.116,0.737,7.052,0.912,1.116,0.737,7.815
7,35,0.822,1.052,0.685,1.013,0.781,1.041,0.642,0.793,0.929,1.062,0.802,3.053,0.933,1.062,0.805,2.69
10,35,0.877,1.062,0.709,0.951,0.79,1.043,0.613,1.156,0.93,1.048,0.791,3.15,0.941,1.058,0.8,3.072
13,35,0.88,1.061,0.72,1.238,0.804,1.043,0.649,1.351,0.938,1.061,0.804,3.667,0.991,1.068,0.809,3.582
16,35,0.875,1.066,0.699,1.622,0.85,1.059,0.679,1.316,0.905,1.05,0.811,4.458,0.976,1.064,0.811,4.595
test36,,,,,,,,,,,,,,,,,
,,IMGM-D,,,,IMGM-R,,,,CR-D,,,,CR-R,,,
grh#, itr#, acc,  score, consis, time, acc,  score, consis, time, acc,  score, consis, time, acc,  score, consis, time
1,36,0.379,1.035,0.407,0.233,0.356,1.033,0.411,0.24,0.437,1.117,0.351,6.247,0.437,1.117,0.351,6.38
4,36,0.359,1.009,0.419,0.443,0.429,1.011,0.521,0.497,0.762,1.122,0.61,8.18,0.762,1.122,0.61,8.114
7,36,0.348,1.01,0.456,0.657,0.443,1.017,0.52,0.76,0.781,1.068,0.727,2.923,0.808,1.058,0.744,3.45
10,36,0.399,1.013,0.455,1.06,0.444,1.023,0.51,1.025,0.759,1.054,0.782,4.42,0.804,1.053,0.775,4.67
13,36,0.449,1.021,0.561,1.367,0.518,1.036,0.568,1.41,0.757,1.054,0.764,4.534,0.762,1.052,0.75,4.058
16,36,0.54,1.038,0.599,1.705,0.56,1.042,0.536,1.716,0.454,0.963,0.762,5.165,0.785,1.056,0.744,4.826
test37,,,,,,,,,,,,,,,,,
,,IMGM-D,,,,IMGM-R,,,,CR-D,,,,CR-R,,,
grh#, itr#, acc,  score, consis, time, acc,  score, consis, time, acc,  score, consis, time, acc,  score, consis, time
1,37,0.644,1.065,0.516,0.283,0.635,1.066,0.517,0.208,0.78,1.119,0.547,5.913,0.78,1.119,0.547,5.671
4,37,0.687,1.047,0.57,0.544,0.697,1.039,0.632,0.528,0.914,1.112,0.72,6.833,0.914,1.112,0.72,6.783
7,37,0.73,1.051,0.614,0.755,0.685,1.04,0.611,0.703,0.99,1.063,0.826,2.676,0.996,1.074,0.819,2.735
10,37,0.676,1.045,0.591,1.019,0.682,1.045,0.576,1,0.943,1.067,0.82,3.178,0.959,1.071,0.824,3.079
13,37,0.69,1.049,0.557,1.265,0.742,1.053,0.605,1.268,0.913,1.05,0.813,3.691,0.95,1.063,0.821,3.526
16,37,0.789,1.056,0.608,1.673,0.761,1.057,0.622,1.598,0.92,1.057,0.8,4.804,0.966,1.052,0.814,4.203
test38,,,,,,,,,,,,,,,,,
,,IMGM-D,,,,IMGM-R,,,,CR-D,,,,CR-R,,,
grh#, itr#, acc,  score, consis, time, acc,  score, consis, time, acc,  score, consis, time, acc,  score, consis, time
1,38,0.986,1.076,0.775,0.353,0.975,1.078,0.767,0.357,0.997,1.116,0.77,3.461,0.997,1.116,0.77,3.486
4,38,0.973,1.07,0.746,0.493,0.963,1.071,0.755,0.437,0.996,1.114,0.764,6.54,0.996,1.114,0.764,5.825
7,38,0.956,1.072,0.721,0.679,0.929,1.067,0.708,0.691,0.989,1.067,0.814,2.655,0.988,1.063,0.819,2.663
10,38,0.969,1.076,0.736,0.757,0.965,1.074,0.751,0.817,0.949,1.05,0.799,3.187,0.99,1.058,0.813,3.074
13,38,0.953,1.068,0.721,1.163,0.96,1.069,0.719,1.248,0.99,1.054,0.803,3.655,0.99,1.058,0.796,3.612
16,38,0.965,1.072,0.723,1.502,0.965,1.072,0.721,1.263,0.999,1.069,0.801,4.274,0.991,1.066,0.803,4.19
test39,,,,,,,,,,,,,,,,,
,,IMGM-D,,,,IMGM-R,,,,CR-D,,,,CR-R,,,
grh#, itr#, acc,  score, consis, time, acc,  score, consis, time, acc,  score, consis, time, acc,  score, consis, time
1,39,0.966,1.066,0.752,0.34,0.952,1.069,0.731,0.363,0.987,1.113,0.753,4.716,0.987,1.113,0.753,4.98
4,39,0.961,1.06,0.74,0.532,0.941,1.062,0.716,0.521,0.993,1.111,0.758,6.963,0.993,1.111,0.758,6.265
7,39,0.923,1.059,0.697,0.6,0.9,1.061,0.663,0.592,0.965,1.056,0.772,2.791,0.985,1.061,0.806,2.861
10,39,0.965,1.064,0.724,0.977,0.918,1.061,0.7,0.976,0.978,1.055,0.814,3.356,0.99,1.057,0.815,3.213
13,39,0.965,1.067,0.724,1.069,0.939,1.068,0.69,0.961,0.974,1.059,0.801,3.649,0.991,1.064,0.81,3.612
16,39,0.961,1.064,0.717,1.391,0.969,1.069,0.721,1.642,0.991,1.053,0.803,4.311,0.991,1.063,0.797,4.338
test40,,,,,,,,,,,,,,,,,
,,IMGM-D,,,,IMGM-R,,,,CR-D,,,,CR-R,,,
grh#, itr#, acc,  score, consis, time, acc,  score, consis, time, acc,  score, consis, time, acc,  score, consis, time
1,40,0.891,1.064,0.694,0.283,0.89,1.056,0.699,0.305,0.956,1.11,0.747,4.964,0.956,1.11,0.747,4.983
4,40,0.94,1.063,0.768,0.535,0.824,1.05,0.687,0.576,0.963,1.114,0.747,6.334,0.963,1.114,0.747,6.755
7,40,0.863,1.056,0.698,0.694,0.892,1.063,0.727,0.836,0.952,1.061,0.788,2.774,0.958,1.058,0.806,2.693
10,40,0.812,1.049,0.661,0.922,0.836,1.058,0.673,0.85,0.944,1.059,0.783,3.265,0.927,1.06,0.791,3.2
13,40,0.847,1.049,0.685,1.33,0.852,1.053,0.666,1.241,0.956,1.056,0.801,3.738,0.955,1.056,0.801,3.713
16,40,0.89,1.056,0.669,1.555,0.86,1.057,0.685,1.416,0.963,1.056,0.8,4.336,0.951,1.057,0.797,4.344
test41,,,,,,,,,,,,,,,,,
,,IMGM-D,,,,IMGM-R,,,,CR-D,,,,CR-R,,,
grh#, itr#, acc,  score, consis, time, acc,  score, consis, time, acc,  score, consis, time, acc,  score, consis, time
1,41,0.769,1.057,0.613,0.343,0.808,1.063,0.614,0.346,0.942,1.104,0.721,5.152,0.942,1.104,0.721,5.145
4,41,0.748,1.046,0.622,0.572,0.753,1.046,0.635,0.577,0.927,1.111,0.713,6.793,0.927,1.111,0.713,6.676
7,41,0.794,1.051,0.614,0.661,0.795,1.05,0.675,0.697,0.922,1.058,0.807,2.885,0.923,1.06,0.803,2.76
10,41,0.77,1.047,0.669,1.054,0.763,1.048,0.625,0.975,0.853,1.052,0.818,2.951,0.805,1.047,0.787,3.071
13,41,0.793,1.045,0.626,1.182,0.811,1.05,0.629,1.107,0.816,1.043,0.805,3.588,0.811,1.04,0.802,3.632
16,41,0.797,1.049,0.612,1.429,0.771,1.052,0.571,1.395,0.875,1.042,0.792,4.247,0.839,1.034,0.807,4.283
test42,,,,,,,,,,,,,,,,,
,,IMGM-D,,,,IMGM-R,,,,CR-D,,,,CR-R,,,
grh#, itr#, acc,  score, consis, time, acc,  score, consis, time, acc,  score, consis, time, acc,  score, consis, time
1,42,0.433,1.044,0.407,0.213,0.447,1.038,0.424,0.248,0.438,1.109,0.344,4.52,0.438,1.109,0.344,4.437
4,42,0.452,1.009,0.521,0.439,0.481,1.012,0.533,0.488,0.487,1.115,0.341,8.065,0.487,1.115,0.341,7.988
7,42,0.442,1.011,0.499,1.145,0.484,1.015,0.495,0.943,0.709,1.042,0.619,3.56,0.627,1.047,0.519,2.876
10,42,0.409,1.008,0.494,1.026,0.596,1.03,0.495,1.17,0.864,1.052,0.775,3.252,0.753,1.032,0.749,3.337
13,42,0.425,1.012,0.472,1.358,0.656,1.037,0.539,1.358,0.852,1.054,0.78,3.684,0.742,1.034,0.783,3.836
16,42,0.486,1.022,0.487,1.681,0.815,1.056,0.625,1.805,0.935,1.059,0.791,4.854,0.763,1.041,0.797,4.605
test43,,,,,,,,,,,,,,,,,
,,IMGM-D,,,,IMGM-R,,,,CR-D,,,,CR-R,,,
grh#, itr#, acc,  score, consis, time, acc,  score, consis, time, acc,  score, consis, time, acc,  score, consis, time
1,43,0.545,1.044,0.441,0.3,0.545,1.046,0.448,0.275,0.673,1.118,0.445,7.661,0.673,1.118,0.445,6.091
4,43,0.511,1.019,0.501,0.498,0.551,1.022,0.534,0.619,0.919,1.117,0.703,7.139,0.919,1.117,0.703,7.495
7,43,0.528,1.027,0.536,0.904,0.64,1.034,0.618,0.8,0.888,1.061,0.765,2.812,0.902,1.061,0.791,2.82
10,43,0.586,1.036,0.55,0.987,0.691,1.043,0.636,0.989,0.887,1.056,0.798,3.28,0.906,1.057,0.809,3.621
13,43,0.621,1.041,0.605,1.35,0.712,1.048,0.616,1.241,0.887,1.049,0.8,3.739,0.872,1.049,0.8,3.69
16,43,0.653,1.043,0.627,1.788,0.703,1.046,0.617,1.615,0.852,1.046,0.805,4.474,0.904,1.063,0.824,4.255
test44,,,,,,,,,,,,,,,,,
,,IMGM-D,,,,IMGM-R,,,,CR-D,,,,CR-R,,,
grh#, itr#, acc,  score, consis, time, acc,  score, consis, time, acc,  score, consis, time, acc,  score, consis, time
1,44,0.877,1.074,0.683,0.329,0.866,1.076,0.669,0.315,0.948,1.118,0.752,5.066,0.948,1.118,0.752,5.13
4,44,0.873,1.066,0.671,0.474,0.881,1.069,0.692,0.588,0.955,1.12,0.748,6.444,0.955,1.12,0.748,6.503
7,44,0.898,1.064,0.707,0.685,0.832,1.063,0.658,0.642,0.963,1.073,0.804,2.748,0.971,1.063,0.808,2.807
10,44,0.909,1.066,0.699,1.062,0.826,1.056,0.646,1.054,0.96,1.065,0.814,3.059,0.962,1.065,0.808,3.049
13,44,0.867,1.065,0.649,1.331,0.808,1.062,0.613,1.3,0.962,1.065,0.796,4.074,0.964,1.065,0.819,3.988
16,44,0.869,1.064,0.661,1.869,0.818,1.06,0.61,1.605,0.975,1.063,0.8,6.739,0.966,1.058,0.806,4.956
test45,,,,,,,,,,,,,,,,,
,,IMGM-D,,,,IMGM-R,,,,CR-D,,,,CR-R,,,
grh#, itr#, acc,  score, consis, time, acc,  score, consis, time, acc,  score, consis, time, acc,  score, consis, time
1,45,0.959,1.078,0.771,0.418,0.959,1.076,0.783,0.383,0.962,1.111,0.772,4.981,0.962,1.111,0.772,5.028
4,45,0.96,1.077,0.777,0.637,0.962,1.082,0.771,0.768,0.965,1.114,0.768,8.419,0.965,1.114,0.768,6.217
7,45,0.923,1.067,0.755,0.851,0.955,1.077,0.756,0.728,0.968,1.065,0.826,2.788,0.969,1.061,0.813,2.238
10,45,0.858,1.066,0.724,0.955,0.96,1.08,0.755,1.015,0.941,1.066,0.814,3.21,0.922,1.054,0.8,3.303
13,45,0.904,1.07,0.744,1.18,0.963,1.077,0.754,1.206,0.94,1.06,0.815,3.743,0.932,1.064,0.811,3.743
16,45,0.902,1.066,0.742,1.595,0.964,1.076,0.748,1.349,0.944,1.061,0.809,4.385,0.962,1.057,0.801,4.468
test46,,,,,,,,,,,,,,,,,
,,IMGM-D,,,,IMGM-R,,,,CR-D,,,,CR-R,,,
grh#, itr#, acc,  score, consis, time, acc,  score, consis, time, acc,  score, consis, time, acc,  score, consis, time
1,46,0.607,1.046,0.462,0.291,0.556,1.04,0.447,0.269,0.8,1.105,0.557,5.745,0.8,1.105,0.557,5.771
4,46,0.704,1.04,0.591,0.566,0.581,1.014,0.6,0.547,0.966,1.108,0.767,6.173,0.966,1.108,0.767,6.484
7,46,0.773,1.046,0.619,0.815,0.63,1.022,0.625,0.784,0.992,1.059,0.818,2.907,0.991,1.06,0.811,2.948
10,46,0.789,1.044,0.655,1.126,0.715,1.034,0.609,1.132,0.993,1.054,0.814,3.296,0.98,1.061,0.828,3.138
13,46,0.818,1.049,0.651,1.401,0.725,1.044,0.603,1.216,0.973,1.055,0.818,3.747,0.937,1.051,0.812,3.811
16,46,0.772,1.051,0.599,1.747,0.72,1.046,0.586,1.387,0.982,1.061,0.805,4.513,0.936,1.054,0.807,4.453
test47,,,,,,,,,,,,,,,,,
,,IMGM-D,,,,IMGM-R,,,,CR-D,,,,CR-R,,,
grh#, itr#, acc,  score, consis, time, acc,  score, consis, time, acc,  score, consis, time, acc,  score, consis, time
1,47,0.719,1.067,0.559,0.298,0.669,1.061,0.565,0.295,0.865,1.119,0.641,5.692,0.865,1.119,0.641,5.661
4,47,0.747,1.054,0.618,0.666,0.625,1.048,0.589,0.459,0.926,1.116,0.694,7.556,0.926,1.116,0.694,7.955
7,47,0.767,1.056,0.601,0.82,0.628,1.045,0.599,0.855,0.957,1.061,0.768,2.37,0.968,1.07,0.768,2.964
10,47,0.781,1.066,0.603,1.043,0.676,1.051,0.634,0.962,0.939,1.053,0.794,3.435,0.957,1.062,0.802,3.261
13,47,0.756,1.063,0.594,1.111,0.701,1.056,0.635,1.298,0.936,1.051,0.801,4,0.956,1.059,0.802,3.881
16,47,0.748,1.061,0.59,1.502,0.728,1.061,0.603,1.47,0.906,1.049,0.78,4.625,0.959,1.053,0.811,4.475
test48,,,,,,,,,,,,,,,,,
,,IMGM-D,,,,IMGM-R,,,,CR-D,,,,CR-R,,,
grh#, itr#, acc,  score, consis, time, acc,  score, consis, time, acc,  score, consis, time, acc,  score, consis, time
1,48,0.426,1.029,0.407,0.258,0.46,1.031,0.408,0.229,0.435,1.104,0.33,6.304,0.435,1.104,0.33,6.319
4,48,0.422,1.006,0.521,0.67,0.446,1.002,0.546,0.583,0.614,1.112,0.422,8.393,0.614,1.112,0.422,8.5
7,48,0.446,1.005,0.542,0.762,0.412,0.999,0.565,0.679,0.904,1.05,0.788,2.868,0.864,1.048,0.746,2.994
10,48,0.513,1.005,0.624,1.093,0.444,1.003,0.515,0.869,0.906,1.064,0.821,3.182,0.896,1.048,0.809,3.27
13,48,0.637,1.021,0.64,1.402,0.576,1.016,0.552,1.394,0.914,1.056,0.807,3.88,0.905,1.059,0.809,3.824
16,48,0.662,1.033,0.618,1.727,0.617,1.03,0.597,1.461,0.863,1.036,0.786,4.795,0.912,1.05,0.8,4.442
test49,,,,,,,,,,,,,,,,,
,,IMGM-D,,,,IMGM-R,,,,CR-D,,,,CR-R,,,
grh#, itr#, acc,  score, consis, time, acc,  score, consis, time, acc,  score, consis, time, acc,  score, consis, time
1,49,0.958,1.082,0.765,0.416,0.96,1.079,0.786,0.381,0.991,1.11,0.776,4.751,0.991,1.11,0.776,4.705
4,49,0.961,1.073,0.762,0.555,0.954,1.076,0.748,0.514,0.986,1.112,0.765,6.405,0.986,1.112,0.765,6.375
7,49,0.964,1.075,0.749,0.715,0.907,1.07,0.723,0.601,0.925,1.061,0.765,2.939,0.99,1.059,0.81,2.812
10,49,0.911,1.068,0.705,0.963,0.892,1.066,0.751,0.954,0.97,1.068,0.802,3.251,0.968,1.06,0.82,3.181
13,49,0.959,1.072,0.734,1.212,0.898,1.063,0.703,1.184,0.971,1.064,0.81,3.864,0.981,1.064,0.815,3.852
16,49,0.909,1.063,0.709,1.591,0.86,1.053,0.708,1.505,0.931,1.052,0.79,4.545,0.976,1.047,0.811,4.403
test50,,,,,,,,,,,,,,,,,
,,IMGM-D,,,,IMGM-R,,,,CR-D,,,,CR-R,,,
grh#, itr#, acc,  score, consis, time, acc,  score, consis, time, acc,  score, consis, time, acc,  score, consis, time
1,50,0.217,1.01,0.345,0.24,0.206,1.009,0.345,0.223,0.26,1.091,0.288,3.788,0.26,1.091,0.288,3.841
4,50,0.202,0.971,0.458,0.471,0.199,0.968,0.456,0.503,0.278,1.092,0.28,7.143,0.278,1.092,0.28,7.133
7,50,0.202,0.966,0.463,0.609,0.205,0.965,0.443,0.707,0.191,0.964,0.362,1.786,0.188,0.95,0.362,0.54
10,50,0.196,0.959,0.499,0.925,0.206,0.964,0.41,0.804,0.159,0.882,0.446,3.78,0.183,0.892,0.402,3.826
13,50,0.222,0.965,0.421,1.168,0.212,0.963,0.379,0.904,0.161,0.875,0.415,4.355,0.18,0.893,0.482,4.266
16,50,0.217,0.969,0.375,1.249,0.199,0.966,0.374,1.238,0.156,0.87,0.36,5.654,0.167,0.877,0.349,5.706
overall mean,,,,,,,,,,,,,,,,,
,,IMGM-D,,,,IMGM-R,,,,CR-D,,,,CR-R,,,
grh#, itr#, acc,  score, consis, time, acc,  score, consis, time, acc,  score, consis, time, acc,  score, consis, time
1,  all,0.657,1.052,0.549,0.415,0.66,1.053,0.552,0.387,0.753,1.113,0.577,7.154,0.753,1.113,0.577,7.154
2,  all,0.666,1.042,0.585,0.566,0.666,1.042,0.582,0.526,0.806,1.113,0.627,7.673,0.806,1.113,0.627,7.681
3,  all,0.67,1.037,0.598,0.651,0.665,1.036,0.605,0.692,0.829,1.114,0.652,8.342,0.829,1.114,0.652,8.347
4,  all,0.673,1.036,0.609,0.746,0.669,1.035,0.611,0.749,0.839,1.114,0.663,9.585,0.839,1.114,0.663,9.27
5,  all,0.681,1.036,0.618,0.854,0.671,1.035,0.614,0.825,0.854,1.115,0.671,10.058,0.854,1.115,0.671,10.23
6,  all,0.679,1.037,0.613,0.981,0.673,1.036,0.614,0.908,0.863,1.115,0.678,11.047,0.863,1.115,0.678,10.935
7,  all,0.679,1.037,0.61,1.053,0.672,1.036,0.61,1.016,0.853,1.052,0.744,3.778,0.853,1.052,0.74,3.645
8,  all,0.683,1.038,0.607,1.159,0.678,1.037,0.606,1.143,0.85,1.045,0.764,4.163,0.856,1.047,0.762,4.103
9,  all,0.685,1.038,0.608,1.231,0.683,1.038,0.609,1.254,0.848,1.043,0.771,4.289,0.851,1.044,0.769,4.33
10,  all,0.691,1.039,0.611,1.366,0.694,1.04,0.612,1.375,0.849,1.044,0.772,4.567,0.85,1.044,0.773,4.537
11,  all,0.696,1.041,0.607,1.444,0.7,1.042,0.611,1.474,0.853,1.045,0.774,4.697,0.857,1.045,0.775,4.748
12,  all,0.707,1.042,0.609,1.584,0.707,1.043,0.609,1.557,0.856,1.044,0.777,5.04,0.86,1.045,0.778,5.212
13,  all,0.712,1.043,0.609,1.85,0.711,1.044,0.606,1.761,0.861,1.046,0.774,5.647,0.863,1.046,0.778,5.471
14,  all,0.721,1.045,0.611,1.932,0.719,1.045,0.609,1.897,0.865,1.047,0.775,5.742,0.862,1.045,0.776,5.543
15,  all,0.723,1.045,0.61,2.059,0.724,1.046,0.609,2.022,0.864,1.047,0.774,5.932,0.863,1.047,0.777,5.673
16,  all,0.731,1.047,0.612,2.06,0.726,1.047,0.608,2.006,0.86,1.044,0.772,6.212,0.866,1.045,0.776,5.987
